cdp_fecha,prd_id,ins_codigoinsumo,ipd_cantidadinsumo
1/1/2020,10,2,242
2/1/2020,1,1,89
2/1/2020,1,5,95
2/1/2020,10,1,207
2/1/2020,10,8,50
2/1/2020,11,1,160
2/1/2020,11,4,225
3/1/2020,8,1,204
3/1/2020,8,8,240
3/1/2020,8,5,210
4/1/2020,1,1,224
4/1/2020,1,8,150
4/1/2020,1,3,185
4/1/2020,3,1,154
4/1/2020,3,6,130
4/1/2020,3,5,150
4/1/2020,5,1,176
5/1/2020,9,1,185
5/1/2020,9,8,112
5/1/2020,9,6,104
5/1/2020,10,1,115
6/1/2020,2,1,160
6/1/2020,2,4,57
6/1/2020,4,1,188
6/1/2020,4,5,106
6/1/2020,7,1,181
6/1/2020,7,5,168
7/1/2020,5,1,216
7/1/2020,5,7,155
7/1/2020,7,1,230
7/1/2020,7,5,183
7/1/2020,8,1,194
7/1/2020,8,5,182
8/1/2020,5,1,166
8/1/2020,5,7,170
8/1/2020,9,1,83
8/1/2020,9,2,193
8/1/2020,9,4,116
8/1/2020,9,6,240
8/1/2020,9,7,157
8/1/2020,9,3,136
9/1/2020,1,1,99
9/1/2020,1,5,174
9/1/2020,1,8,101
9/1/2020,2,1,203
9/1/2020,2,4,230
10/1/2020,4,1,205
10/1/2020,4,2,89
10/1/2020,4,7,62
10/1/2020,4,6,97
10/1/2020,12,1,56
10/1/2020,12,6,118
10/1/2020,12,5,96
11/1/2020,6,1,233
11/1/2020,6,2,67
11/1/2020,6,3,132
11/1/2020,6,5,70
11/1/2020,6,7,231
12/1/2020,2,1,71
12/1/2020,2,6,90
12/1/2020,2,7,201
12/1/2020,4,1,148
12/1/2020,4,6,112
12/1/2020,4,3,217
12/1/2020,4,5,202
12/1/2020,4,4,167
13/01/2020,8,1,180
13/01/2020,8,2,99
13/01/2020,10,1,193
13/01/2020,10,2,217
14/01/2020,6,1,139
14/01/2020,6,5,164
14/01/2020,6,2,55
14/01/2020,12,1,187
14/01/2020,12,4,191
14/01/2020,12,7,69
14/01/2020,12,6,87
15/01/2020,2,1,237
15/01/2020,2,3,173
15/01/2020,2,4,132
15/01/2020,3,1,84
15/01/2020,6,1,117
16/01/2020,5,1,220
16/01/2020,9,1,167
16/01/2020,12,1,79
16/01/2020,12,5,74
17/01/2020,1,1,231
17/01/2020,1,8,61
17/01/2020,1,7,219
17/01/2020,1,6,204
17/01/2020,1,4,221
17/01/2020,1,3,65
17/01/2020,1,2,130
18/01/2020,4,1,90
18/01/2020,4,6,245
18/01/2020,11,1,150
18/01/2020,11,5,59
19/01/2020,7,1,208
19/01/2020,7,2,75
19/01/2020,9,1,162
19/01/2020,9,6,59
19/01/2020,9,3,154
19/01/2020,9,4,107
20/01/2020,1,1,184
21/01/2020,1,1,124
21/01/2020,1,8,219
21/01/2020,5,1,141
21/01/2020,12,1,204
22/01/2020,4,1,50
22/01/2020,7,1,63
22/01/2020,9,1,220
22/01/2020,9,8,56
22/01/2020,9,4,175
23/01/2020,1,1,51
23/01/2020,1,4,96
23/01/2020,3,1,58
23/01/2020,7,1,139
24/01/2020,5,1,158
24/01/2020,5,3,220
24/01/2020,5,5,247
25/01/2020,2,1,154
25/01/2020,2,4,216
25/01/2020,2,8,235
25/01/2020,2,2,170
25/01/2020,2,5,166
25/01/2020,2,3,213
25/01/2020,2,7,134
25/01/2020,2,6,212
26/01/2020,1,1,115
26/01/2020,1,4,56
26/01/2020,4,1,87
26/01/2020,9,1,110
26/01/2020,9,2,66
27/01/2020,6,1,138
27/01/2020,6,2,163
27/01/2020,6,4,78
27/01/2020,12,1,147
27/01/2020,12,8,72
28/01/2020,10,1,66
28/01/2020,10,7,144
28/01/2020,10,6,247
28/01/2020,10,8,128
28/01/2020,10,5,172
28/01/2020,10,4,234
28/01/2020,10,2,141
28/01/2020,10,3,117
29/01/2020,6,1,138
29/01/2020,6,7,226
29/01/2020,6,8,176
30/01/2020,1,1,215
30/01/2020,1,8,196
30/01/2020,1,4,172
30/01/2020,1,6,70
31/01/2020,10,1,89
31/01/2020,10,5,84
31/01/2020,10,3,133
31/01/2020,10,6,156
31/01/2020,10,8,246
31/01/2020,10,7,89
31/01/2020,10,2,219
1/2/2020,7,1,211
1/2/2020,7,6,241
1/2/2020,7,3,79
1/2/2020,12,1,71
1/2/2020,12,8,86
2/2/2020,1,1,144
2/2/2020,1,5,134
2/2/2020,10,1,107
2/2/2020,10,3,156
2/2/2020,10,8,71
3/2/2020,5,1,100
4/2/2020,1,1,115
4/2/2020,2,1,60
4/2/2020,2,6,111
4/2/2020,5,1,72
5/2/2020,9,2,93
6/2/2020,10,2,128
7/2/2020,5,1,214
7/2/2020,5,7,126
7/2/2020,5,3,171
7/2/2020,7,1,196
7/2/2020,7,2,158
7/2/2020,7,6,109
8/2/2020,9,1,152
8/2/2020,9,8,54
8/2/2020,9,4,212
8/2/2020,9,2,242
8/2/2020,9,5,243
8/2/2020,9,7,95
8/2/2020,9,3,68
8/2/2020,9,6,169
9/2/2020,4,1,144
10/2/2020,12,2,135
11/2/2020,3,1,177
11/2/2020,3,7,245
11/2/2020,3,6,179
12/2/2020,10,1,183
12/2/2020,10,6,190
12/2/2020,10,3,131
12/2/2020,10,4,240
12/2/2020,11,1,195
13/02/2020,2,1,199
13/02/2020,10,1,203
13/02/2020,10,2,107
13/02/2020,10,5,125
14/02/2020,1,1,141
14/02/2020,1,8,73
15/02/2020,11,2,106
15/02/2020,11,7,149
16/02/2020,4,1,210
16/02/2020,6,1,75
16/02/2020,6,6,68
16/02/2020,10,1,206
16/02/2020,10,6,136
17/02/2020,5,1,160
18/02/2020,1,1,138
18/02/2020,1,8,185
18/02/2020,11,1,246
18/02/2020,11,3,56
19/02/2020,3,1,156
19/02/2020,3,8,68
20/02/2020,2,1,207
20/02/2020,2,3,218
20/02/2020,2,2,230
20/02/2020,4,1,137
20/02/2020,4,5,228
20/02/2020,4,4,106
20/02/2020,11,1,158
20/02/2020,11,5,198
21/02/2020,2,1,67
21/02/2020,2,2,149
21/02/2020,6,1,82
21/02/2020,6,6,210
21/02/2020,9,1,75
21/02/2020,9,5,102
21/02/2020,9,7,138
21/02/2020,9,4,211
22/02/2020,4,1,58
22/02/2020,11,1,119
22/02/2020,11,6,125
22/02/2020,11,8,110
22/02/2020,11,2,111
23/02/2020,11,1,155
23/02/2020,11,8,130
23/02/2020,11,7,141
23/02/2020,11,6,101
24/02/2020,3,1,241
24/02/2020,3,8,177
24/02/2020,3,6,172
25/02/2020,11,2,250
26/02/2020,7,1,180
27/02/2020,10,1,94
27/02/2020,10,2,242
27/02/2020,10,5,67
27/02/2020,10,7,224
27/02/2020,10,8,128
28/02/2020,1,1,204
28/02/2020,1,7,69
28/02/2020,8,1,166
28/02/2020,8,6,122
28/02/2020,8,2,162
28/02/2020,8,4,61
28/02/2020,11,1,98
28/02/2020,11,3,233
1/3/2020,5,1,163
1/3/2020,5,2,102
1/3/2020,6,1,161
1/3/2020,6,2,250
1/3/2020,9,1,147
1/3/2020,9,5,198
1/3/2020,9,2,93
1/3/2020,9,4,207
2/3/2020,3,1,202
2/3/2020,3,2,222
2/3/2020,5,1,121
2/3/2020,5,6,91
2/3/2020,5,8,245
3/3/2020,12,2,244
4/3/2020,6,1,93
4/3/2020,6,5,133
4/3/2020,6,8,67
5/3/2020,3,1,180
5/3/2020,3,6,150
5/3/2020,3,3,246
5/3/2020,6,1,142
5/3/2020,6,5,220
5/3/2020,9,1,150
5/3/2020,9,2,65
6/3/2020,6,1,184
6/3/2020,6,7,130
6/3/2020,6,4,128
6/3/2020,6,2,168
6/3/2020,6,3,241
6/3/2020,6,8,175
6/3/2020,6,5,178
7/3/2020,7,1,186
7/3/2020,7,2,182
7/3/2020,7,8,210
7/3/2020,7,7,181
7/3/2020,7,4,169
8/3/2020,7,1,225
8/3/2020,7,4,214
9/3/2020,2,1,184
9/3/2020,2,7,238
9/3/2020,7,1,248
9/3/2020,7,7,245
9/3/2020,10,1,119
9/3/2020,10,8,229
9/3/2020,10,4,212
10/3/2020,3,1,63
10/3/2020,3,6,192
10/3/2020,3,3,203
10/3/2020,3,8,187
10/3/2020,3,5,140
10/3/2020,3,2,105
10/3/2020,3,4,112
10/3/2020,3,7,249
11/3/2020,3,1,111
11/3/2020,3,6,147
12/3/2020,8,1,78
12/3/2020,8,7,76
13/03/2020,1,1,240
13/03/2020,8,1,82
13/03/2020,8,4,233
13/03/2020,8,5,200
13/03/2020,12,1,195
13/03/2020,12,8,185
14/03/2020,1,1,236
14/03/2020,1,4,182
15/03/2020,7,1,80
15/03/2020,7,5,210
15/03/2020,7,8,72
15/03/2020,7,2,144
15/03/2020,9,1,185
16/03/2020,1,1,168
16/03/2020,1,4,89
16/03/2020,12,1,100
16/03/2020,12,8,189
16/03/2020,12,6,67
16/03/2020,12,7,50
16/03/2020,12,4,134
17/03/2020,8,1,201
17/03/2020,8,7,70
17/03/2020,8,2,80
17/03/2020,12,1,157
17/03/2020,12,2,119
18/03/2020,12,2,57
18/03/2020,12,8,242
19/03/2020,6,1,211
20/03/2020,9,1,124
20/03/2020,9,6,240
20/03/2020,9,2,63
20/03/2020,9,7,187
21/03/2020,2,1,219
21/03/2020,2,6,208
21/03/2020,11,1,62
21/03/2020,11,7,60
22/03/2020,7,1,147
22/03/2020,7,7,86
22/03/2020,7,4,172
23/03/2020,1,1,168
23/03/2020,1,8,109
23/03/2020,1,2,200
23/03/2020,8,1,91
23/03/2020,8,6,145
23/03/2020,8,7,239
24/03/2020,12,2,111
24/03/2020,12,8,118
24/03/2020,12,3,184
25/03/2020,9,1,207
25/03/2020,9,5,145
25/03/2020,9,2,75
25/03/2020,9,8,99
25/03/2020,9,7,238
25/03/2020,9,6,168
26/03/2020,2,1,101
26/03/2020,3,1,108
26/03/2020,3,2,243
26/03/2020,3,3,187
26/03/2020,7,1,73
26/03/2020,7,3,171
27/03/2020,1,1,84
27/03/2020,1,2,94
27/03/2020,1,8,106
27/03/2020,1,7,178
27/03/2020,4,1,202
27/03/2020,6,1,65
27/03/2020,6,3,66
27/03/2020,6,6,208
28/03/2020,2,1,245
29/03/2020,6,1,145
29/03/2020,6,8,222
30/03/2020,3,1,165
30/03/2020,3,6,158
31/03/2020,1,1,214
31/03/2020,1,4,75
31/03/2020,7,1,138
31/03/2020,8,1,194
1/4/2020,12,1,177
1/4/2020,12,6,222
1/4/2020,12,4,178
1/4/2020,12,8,156
1/4/2020,12,7,149
2/4/2020,9,1,200
2/4/2020,9,4,153
2/4/2020,9,7,206
2/4/2020,9,5,114
2/4/2020,9,3,73
2/4/2020,9,6,62
3/4/2020,6,1,80
3/4/2020,6,8,141
3/4/2020,6,2,51
3/4/2020,6,7,157
3/4/2020,6,4,169
3/4/2020,6,6,168
4/4/2020,3,1,198
4/4/2020,7,1,109
4/4/2020,10,1,150
4/4/2020,10,8,144
5/4/2020,3,1,235
5/4/2020,3,3,166
5/4/2020,3,8,90
5/4/2020,8,1,207
5/4/2020,8,4,112
5/4/2020,8,3,225
6/4/2020,4,1,197
6/4/2020,4,6,208
6/4/2020,4,3,189
6/4/2020,6,1,218
6/4/2020,11,1,220
6/4/2020,11,3,182
7/4/2020,3,1,167
7/4/2020,3,6,240
7/4/2020,4,1,239
7/4/2020,4,6,124
7/4/2020,8,1,97
7/4/2020,8,6,168
7/4/2020,8,2,129
8/4/2020,9,1,70
8/4/2020,9,8,195
8/4/2020,9,5,223
8/4/2020,9,7,91
8/4/2020,9,3,129
9/4/2020,11,1,191
9/4/2020,11,3,218
9/4/2020,11,7,237
9/4/2020,11,2,240
10/4/2020,1,1,193
10/4/2020,1,2,225
10/4/2020,1,4,69
10/4/2020,1,6,90
10/4/2020,1,5,138
10/4/2020,1,8,133
10/4/2020,1,7,134
10/4/2020,1,3,237
11/4/2020,6,1,162
12/4/2020,2,1,74
12/4/2020,2,7,114
13/04/2020,2,1,203
13/04/2020,7,1,183
13/04/2020,12,1,60
13/04/2020,12,3,204
14/04/2020,3,1,84
14/04/2020,3,6,151
14/04/2020,3,7,54
14/04/2020,3,5,60
14/04/2020,3,4,168
14/04/2020,3,3,107
14/04/2020,3,2,221
15/04/2020,1,1,200
15/04/2020,1,5,231
15/04/2020,2,1,101
15/04/2020,4,1,146
16/04/2020,1,1,152
16/04/2020,1,4,89
16/04/2020,7,1,69
16/04/2020,7,2,114
17/04/2020,1,1,194
17/04/2020,1,2,160
17/04/2020,4,1,133
17/04/2020,9,1,216
17/04/2020,9,2,238
18/04/2020,5,1,163
18/04/2020,6,1,109
18/04/2020,6,5,78
18/04/2020,9,1,247
19/04/2020,2,1,70
19/04/2020,2,4,189
19/04/2020,2,3,125
19/04/2020,4,1,193
19/04/2020,4,5,106
19/04/2020,4,3,166
19/04/2020,12,1,156
20/04/2020,9,1,243
20/04/2020,9,2,138
20/04/2020,9,8,216
20/04/2020,9,3,196
21/04/2020,3,1,131
21/04/2020,3,3,73
21/04/2020,3,7,232
21/04/2020,3,4,223
21/04/2020,3,5,147
22/04/2020,7,1,207
22/04/2020,7,8,141
22/04/2020,7,6,203
22/04/2020,7,7,88
22/04/2020,7,4,197
22/04/2020,7,3,152
22/04/2020,7,5,144
22/04/2020,7,2,223
23/04/2020,3,1,194
23/04/2020,4,1,67
23/04/2020,8,1,120
23/04/2020,8,4,241
23/04/2020,8,2,200
24/04/2020,4,1,76
24/04/2020,4,4,54
24/04/2020,4,6,136
24/04/2020,4,3,98
24/04/2020,4,5,157
24/04/2020,4,2,164
24/04/2020,4,7,232
25/04/2020,1,1,95
25/04/2020,3,1,178
25/04/2020,11,1,208
25/04/2020,11,2,103
25/04/2020,11,7,124
25/04/2020,11,5,187
26/04/2020,7,1,226
26/04/2020,7,4,82
26/04/2020,7,2,169
26/04/2020,7,6,227
26/04/2020,9,1,107
26/04/2020,9,7,131
26/04/2020,9,3,195
26/04/2020,9,4,250
27/04/2020,6,1,86
27/04/2020,6,5,225
27/04/2020,6,8,160
27/04/2020,10,1,66
28/04/2020,7,1,222
28/04/2020,7,4,125
28/04/2020,7,5,190
28/04/2020,9,1,140
28/04/2020,9,5,84
28/04/2020,9,4,185
29/04/2020,4,1,170
29/04/2020,4,6,95
29/04/2020,4,4,222
29/04/2020,4,8,164
29/04/2020,10,1,99
29/04/2020,10,4,55
29/04/2020,11,1,212
29/04/2020,11,5,240
30/04/2020,9,1,96
30/04/2020,11,1,104
30/04/2020,11,4,105
30/04/2020,11,8,53
1/5/2020,7,1,219
1/5/2020,7,3,248
2/5/2020,5,1,203
2/5/2020,5,4,213
2/5/2020,5,8,155
2/5/2020,5,6,61
3/5/2020,3,1,187
3/5/2020,3,5,169
3/5/2020,3,4,137
3/5/2020,6,1,55
3/5/2020,6,6,164
3/5/2020,12,1,84
4/5/2020,5,1,164
4/5/2020,5,8,219
4/5/2020,5,6,215
4/5/2020,6,1,157
4/5/2020,6,7,100
4/5/2020,6,3,79
4/5/2020,8,1,100
5/5/2020,12,2,202
6/5/2020,3,1,116
6/5/2020,3,5,79
6/5/2020,3,3,133
6/5/2020,3,8,225
6/5/2020,4,1,170
6/5/2020,4,5,191
6/5/2020,10,1,140
7/5/2020,5,1,59
7/5/2020,5,3,109
7/5/2020,5,2,70
7/5/2020,5,6,56
7/5/2020,5,4,166
7/5/2020,5,8,162
7/5/2020,5,5,53
8/5/2020,12,2,54
8/5/2020,12,4,52
9/5/2020,2,1,171
9/5/2020,2,7,200
9/5/2020,2,6,239
9/5/2020,2,5,153
9/5/2020,11,1,206
9/5/2020,11,2,141
10/5/2020,3,1,80
11/5/2020,1,1,249
11/5/2020,1,7,119
11/5/2020,1,4,83
12/5/2020,2,1,234
13/05/2020,8,1,167
13/05/2020,8,4,62
13/05/2020,8,2,126
13/05/2020,8,3,59
14/05/2020,12,2,105
14/05/2020,12,3,240
15/05/2020,3,1,137
15/05/2020,3,6,149
16/05/2020,3,1,140
16/05/2020,3,4,217
16/05/2020,3,5,88
16/05/2020,3,3,131
16/05/2020,3,6,118
16/05/2020,9,1,238
16/05/2020,9,8,153
16/05/2020,9,7,122
17/05/2020,10,1,174
17/05/2020,10,6,199
17/05/2020,10,5,132
17/05/2020,10,2,109
17/05/2020,10,8,103
17/05/2020,10,4,202
17/05/2020,10,7,203
18/05/2020,5,1,141
18/05/2020,5,5,186
19/05/2020,12,2,67
19/05/2020,12,8,166
19/05/2020,12,4,118
20/05/2020,4,1,74
20/05/2020,4,7,80
21/05/2020,8,1,88
21/05/2020,8,6,154
22/05/2020,2,1,117
22/05/2020,2,6,244
22/05/2020,2,2,168
22/05/2020,10,1,88
22/05/2020,12,1,190
22/05/2020,12,7,141
23/05/2020,10,2,206
24/05/2020,2,1,132
24/05/2020,2,5,92
24/05/2020,4,1,55
24/05/2020,8,1,191
24/05/2020,8,5,61
24/05/2020,8,3,112
25/05/2020,10,1,232
25/05/2020,10,2,246
25/05/2020,10,6,211
25/05/2020,10,4,95
25/05/2020,10,8,214
25/05/2020,10,5,151
25/05/2020,10,7,213
25/05/2020,10,3,175
26/05/2020,4,1,233
26/05/2020,4,7,187
26/05/2020,4,5,203
27/05/2020,11,1,174
27/05/2020,11,6,240
27/05/2020,11,7,92
27/05/2020,11,2,208
28/05/2020,4,1,150
29/05/2020,6,1,135
29/05/2020,6,3,225
29/05/2020,6,6,165
29/05/2020,10,1,240
29/05/2020,10,3,220
29/05/2020,10,5,100
29/05/2020,11,1,114
30/05/2020,12,2,69
31/05/2020,10,1,120
31/05/2020,10,8,129
31/05/2020,10,4,245
31/05/2020,10,5,179
31/05/2020,12,1,212
31/05/2020,12,2,58
31/05/2020,12,7,86
1/6/2020,1,1,176
1/6/2020,1,8,230
1/6/2020,1,3,200
2/6/2020,12,2,250
2/6/2020,12,5,218
2/6/2020,12,3,96
3/6/2020,3,1,66
3/6/2020,9,1,241
3/6/2020,10,1,185
3/6/2020,10,5,128
3/6/2020,10,8,167
4/6/2020,4,1,123
4/6/2020,4,8,112
5/6/2020,6,1,204
5/6/2020,6,7,157
6/6/2020,3,1,93
6/6/2020,3,4,72
7/6/2020,2,1,111
7/6/2020,2,5,86
7/6/2020,3,1,122
7/6/2020,8,1,60
8/6/2020,1,1,158
8/6/2020,1,5,150
9/6/2020,2,1,193
9/6/2020,2,7,125
9/6/2020,2,5,59
10/6/2020,3,1,189
10/6/2020,3,8,228
10/6/2020,5,1,121
10/6/2020,7,1,190
10/6/2020,7,5,242
10/6/2020,7,8,108
11/6/2020,7,1,81
11/6/2020,7,6,196
11/6/2020,7,8,97
11/6/2020,7,2,158
12/6/2020,2,1,185
12/6/2020,2,4,210
12/6/2020,6,1,78
12/6/2020,6,6,231
12/6/2020,8,1,221
13/06/2020,11,2,189
14/06/2020,4,1,90
14/06/2020,4,7,186
14/06/2020,4,8,153
15/06/2020,8,1,128
15/06/2020,8,2,227
15/06/2020,12,1,118
15/06/2020,12,6,97
15/06/2020,12,8,163
15/06/2020,12,2,143
15/06/2020,12,3,118
16/06/2020,2,1,185
16/06/2020,2,5,74
16/06/2020,2,4,109
17/06/2020,4,1,177
18/06/2020,9,2,182
18/06/2020,9,5,66
18/06/2020,9,3,125
19/06/2020,6,1,80
20/06/2020,8,1,98
20/06/2020,8,5,237
20/06/2020,8,7,97
21/06/2020,6,1,58
21/06/2020,6,7,128
21/06/2020,6,2,87
21/06/2020,6,3,105
22/06/2020,4,1,73
22/06/2020,4,3,69
22/06/2020,4,7,183
22/06/2020,12,1,76
22/06/2020,12,7,229
22/06/2020,12,2,192
22/06/2020,12,6,227
22/06/2020,12,8,71
23/06/2020,4,1,64
23/06/2020,4,3,120
23/06/2020,4,5,116
23/06/2020,7,1,53
23/06/2020,7,3,186
24/06/2020,3,1,186
24/06/2020,3,4,57
25/06/2020,11,2,67
26/06/2020,3,1,150
26/06/2020,3,5,63
26/06/2020,9,1,192
26/06/2020,9,7,159
26/06/2020,9,3,177
27/06/2020,5,1,111
27/06/2020,8,1,191
27/06/2020,8,7,179
27/06/2020,9,1,100
28/06/2020,1,1,136
28/06/2020,1,3,128
28/06/2020,6,1,75
28/06/2020,6,8,109
28/06/2020,12,1,50
29/06/2020,8,1,88
29/06/2020,8,6,227
29/06/2020,8,3,66
30/06/2020,5,1,238
30/06/2020,5,5,167
30/06/2020,5,6,62
30/06/2020,5,4,239
30/06/2020,5,3,166
30/06/2020,12,1,210
30/06/2020,12,2,164
30/06/2020,12,6,59
1/7/2020,1,1,113
1/7/2020,1,4,107
1/7/2020,1,2,159
1/7/2020,1,8,176
1/7/2020,1,6,72
1/7/2020,1,7,168
1/7/2020,1,3,177
2/7/2020,3,1,113
2/7/2020,3,4,69
2/7/2020,3,6,190
2/7/2020,3,3,169
2/7/2020,3,8,211
2/7/2020,3,2,101
3/7/2020,4,1,165
3/7/2020,4,7,160
3/7/2020,4,4,151
4/7/2020,7,1,69
4/7/2020,7,7,186
4/7/2020,7,4,81
4/7/2020,7,2,79
5/7/2020,3,1,213
6/7/2020,1,1,67
6/7/2020,4,1,68
6/7/2020,4,8,68
6/7/2020,4,2,232
6/7/2020,9,1,83
7/7/2020,2,1,115
7/7/2020,2,8,122
8/7/2020,11,2,182
9/7/2020,5,1,72
9/7/2020,10,1,59
9/7/2020,10,4,160
9/7/2020,10,8,206
10/7/2020,5,1,215
10/7/2020,5,2,195
10/7/2020,5,8,222
10/7/2020,5,3,226
10/7/2020,9,1,87
10/7/2020,11,1,177
10/7/2020,11,8,184
10/7/2020,11,2,212
11/7/2020,8,1,241
11/7/2020,8,7,64
11/7/2020,10,1,67
11/7/2020,10,4,164
11/7/2020,10,8,132
12/7/2020,1,1,200
12/7/2020,12,1,175
12/7/2020,12,8,183
12/7/2020,12,7,226
12/7/2020,12,3,57
12/7/2020,12,4,104
12/7/2020,12,2,226
12/7/2020,12,5,189
13/07/2020,8,1,125
13/07/2020,8,5,173
14/07/2020,8,1,107
14/07/2020,8,7,159
14/07/2020,8,8,168
14/07/2020,8,2,109
14/07/2020,8,3,65
14/07/2020,8,4,170
15/07/2020,8,1,212
15/07/2020,8,8,134
15/07/2020,8,3,172
15/07/2020,8,6,165
15/07/2020,8,4,166
15/07/2020,8,2,231
16/07/2020,3,1,178
16/07/2020,3,3,68
16/07/2020,4,1,82
16/07/2020,4,7,114
16/07/2020,4,6,228
16/07/2020,4,4,156
16/07/2020,5,1,60
16/07/2020,5,6,194
17/07/2020,4,1,78
17/07/2020,4,6,210
17/07/2020,9,1,105
17/07/2020,9,8,191
17/07/2020,12,1,148
18/07/2020,4,1,73
19/07/2020,5,1,153
19/07/2020,5,7,153
19/07/2020,8,1,244
19/07/2020,12,1,199
19/07/2020,12,5,159
20/07/2020,1,1,167
20/07/2020,1,4,166
21/07/2020,5,1,69
21/07/2020,5,2,77
21/07/2020,9,1,73
21/07/2020,12,1,235
21/07/2020,12,2,89
22/07/2020,10,1,107
22/07/2020,10,6,224
22/07/2020,10,8,239
22/07/2020,10,5,150
22/07/2020,10,3,147
22/07/2020,10,4,104
22/07/2020,10,2,121
23/07/2020,1,1,159
24/07/2020,4,1,135
24/07/2020,4,5,164
24/07/2020,4,7,240
24/07/2020,4,6,60
24/07/2020,8,1,202
24/07/2020,8,6,125
24/07/2020,9,1,144
25/07/2020,6,1,58
25/07/2020,6,2,114
25/07/2020,6,7,118
25/07/2020,8,1,214
25/07/2020,8,2,122
25/07/2020,8,6,250
25/07/2020,8,7,187
26/07/2020,10,2,229
26/07/2020,10,3,232
27/07/2020,12,1,83
27/07/2020,12,5,133
27/07/2020,12,6,71
27/07/2020,12,2,105
27/07/2020,12,7,200
27/07/2020,12,8,224
28/07/2020,12,2,189
28/07/2020,12,4,189
29/07/2020,4,1,69
29/07/2020,4,8,160
30/07/2020,1,1,103
30/07/2020,1,7,97
30/07/2020,1,8,234
30/07/2020,1,5,170
30/07/2020,1,2,82
30/07/2020,1,3,139
30/07/2020,1,4,194
30/07/2020,1,6,203
31/07/2020,1,1,220
1/8/2020,4,1,183
1/8/2020,4,3,185
1/8/2020,4,8,176
1/8/2020,7,1,204
1/8/2020,7,8,82
1/8/2020,7,4,138
1/8/2020,7,7,203
2/8/2020,1,1,62
2/8/2020,1,3,73
2/8/2020,1,7,235
2/8/2020,10,1,104
2/8/2020,11,1,55
2/8/2020,11,5,148
2/8/2020,11,6,68
3/8/2020,9,1,242
3/8/2020,9,8,63
3/8/2020,9,3,87
3/8/2020,10,1,241
4/8/2020,1,1,83
4/8/2020,1,4,173
4/8/2020,11,1,99
4/8/2020,11,2,182
5/8/2020,4,1,184
5/8/2020,4,4,103
5/8/2020,4,3,221
5/8/2020,4,7,113
5/8/2020,4,2,137
6/8/2020,1,1,86
6/8/2020,1,8,144
6/8/2020,1,7,60
6/8/2020,1,5,56
6/8/2020,5,1,193
6/8/2020,11,1,69
6/8/2020,11,4,114
6/8/2020,11,2,200
7/8/2020,3,1,168
7/8/2020,3,8,105
8/8/2020,9,2,96
9/8/2020,9,1,181
9/8/2020,9,3,98
9/8/2020,9,2,153
9/8/2020,9,8,154
9/8/2020,9,7,177
9/8/2020,9,4,158
10/8/2020,7,1,182
10/8/2020,7,6,77
10/8/2020,7,4,185
10/8/2020,7,5,62
10/8/2020,7,8,112
10/8/2020,7,3,241
10/8/2020,7,7,80
10/8/2020,7,2,205
11/8/2020,11,2,87
11/8/2020,11,4,191
12/8/2020,11,2,182
12/8/2020,11,6,69
12/8/2020,11,4,199
13/08/2020,2,1,196
13/08/2020,6,1,187
13/08/2020,6,7,133
13/08/2020,6,6,238
13/08/2020,11,1,153
13/08/2020,11,5,170
14/08/2020,2,1,249
14/08/2020,2,5,205
15/08/2020,7,1,230
16/08/2020,1,1,222
16/08/2020,1,6,178
16/08/2020,1,7,87
16/08/2020,5,1,229
16/08/2020,5,6,211
16/08/2020,9,1,171
16/08/2020,9,7,107
17/08/2020,1,1,200
17/08/2020,1,3,193
17/08/2020,2,1,124
17/08/2020,2,5,169
18/08/2020,4,1,142
18/08/2020,4,5,131
18/08/2020,7,1,222
18/08/2020,7,5,203
18/08/2020,7,8,225
18/08/2020,9,1,190
19/08/2020,3,1,65
19/08/2020,3,8,170
19/08/2020,4,1,175
19/08/2020,4,4,140
19/08/2020,4,7,131
19/08/2020,6,1,224
19/08/2020,6,5,172
19/08/2020,6,6,232
20/08/2020,5,1,68
20/08/2020,5,5,68
20/08/2020,5,8,119
20/08/2020,10,1,113
20/08/2020,10,4,50
20/08/2020,10,8,143
20/08/2020,10,5,136
21/08/2020,5,1,165
21/08/2020,5,2,170
21/08/2020,5,6,53
21/08/2020,5,5,93
21/08/2020,5,4,233
21/08/2020,5,3,204
22/08/2020,3,1,141
23/08/2020,7,1,160
23/08/2020,7,2,228
23/08/2020,7,5,84
23/08/2020,7,7,132
23/08/2020,7,3,176
23/08/2020,7,6,155
23/08/2020,7,8,135
23/08/2020,7,4,115
24/08/2020,4,1,147
24/08/2020,4,8,120
24/08/2020,8,1,107
24/08/2020,8,8,105
24/08/2020,8,2,147
24/08/2020,8,5,108
25/08/2020,2,1,53
25/08/2020,2,2,126
25/08/2020,5,1,162
25/08/2020,6,1,191
25/08/2020,6,8,166
25/08/2020,6,6,191
26/08/2020,5,1,247
26/08/2020,5,4,102
26/08/2020,8,1,208
26/08/2020,8,6,125
26/08/2020,8,3,182
26/08/2020,10,1,97
26/08/2020,10,2,234
26/08/2020,10,3,165
27/08/2020,2,1,128
27/08/2020,2,3,241
28/08/2020,7,1,117
28/08/2020,7,3,237
29/08/2020,2,1,116
30/08/2020,10,1,243
30/08/2020,10,3,248
30/08/2020,12,1,68
30/08/2020,12,2,204
31/08/2020,6,1,199
31/08/2020,6,5,72
31/08/2020,6,7,159
31/08/2020,6,4,169
1/9/2020,4,1,145
1/9/2020,4,6,75
1/9/2020,4,2,236
1/9/2020,6,1,74
1/9/2020,6,2,201
2/9/2020,2,1,234
2/9/2020,7,1,237
2/9/2020,7,3,79
2/9/2020,7,8,172
2/9/2020,7,4,182
3/9/2020,7,1,176
3/9/2020,7,6,102
3/9/2020,7,3,50
3/9/2020,7,7,201
3/9/2020,7,4,99
3/9/2020,7,8,91
3/9/2020,7,2,80
4/9/2020,6,1,171
4/9/2020,6,5,108
4/9/2020,6,7,152
5/9/2020,1,1,216
5/9/2020,1,3,215
5/9/2020,4,1,218
5/9/2020,5,1,183
5/9/2020,5,5,73
5/9/2020,5,2,218
6/9/2020,8,1,205
6/9/2020,8,3,121
6/9/2020,8,6,236
6/9/2020,8,4,74
6/9/2020,8,8,143
6/9/2020,8,7,110
6/9/2020,8,2,213
7/9/2020,2,1,157
7/9/2020,2,2,65
7/9/2020,6,1,231
7/9/2020,7,1,242
8/9/2020,6,1,188
8/9/2020,6,8,138
9/9/2020,4,1,99
9/9/2020,5,1,245
9/9/2020,5,8,189
9/9/2020,9,1,84
9/9/2020,9,3,135
9/9/2020,9,6,176
10/9/2020,12,2,233
10/9/2020,12,8,60
10/9/2020,12,3,153
11/9/2020,4,1,52
11/9/2020,4,8,213
11/9/2020,4,5,206
11/9/2020,4,7,125
11/9/2020,4,3,73
11/9/2020,4,2,163
12/9/2020,1,1,179
12/9/2020,1,2,248
12/9/2020,1,5,154
12/9/2020,8,1,138
12/9/2020,8,4,57
13/09/2020,8,1,240
13/09/2020,10,1,99
13/09/2020,10,2,166
13/09/2020,12,1,150
14/09/2020,1,1,173
14/09/2020,1,7,224
14/09/2020,1,2,239
14/09/2020,8,1,147
14/09/2020,8,8,159
15/09/2020,5,1,120
15/09/2020,5,4,244
15/09/2020,10,1,225
15/09/2020,10,2,86
15/09/2020,11,1,89
16/09/2020,4,1,206
16/09/2020,4,7,75
16/09/2020,4,3,118
17/09/2020,10,2,151
18/09/2020,4,1,243
18/09/2020,9,1,162
18/09/2020,9,5,54
18/09/2020,11,1,192
19/09/2020,3,1,209
19/09/2020,3,4,186
19/09/2020,11,1,109
19/09/2020,11,7,152
20/09/2020,6,1,167
20/09/2020,11,1,58
20/09/2020,11,6,179
20/09/2020,11,3,65
20/09/2020,11,2,50
21/09/2020,3,1,124
21/09/2020,3,2,53
21/09/2020,7,1,163
21/09/2020,7,4,201
22/09/2020,5,1,123
22/09/2020,5,7,106
22/09/2020,7,1,132
22/09/2020,7,5,63
22/09/2020,8,1,133
22/09/2020,8,3,68
22/09/2020,8,6,152
23/09/2020,4,1,228
23/09/2020,7,1,149
23/09/2020,7,2,174
23/09/2020,11,1,115
23/09/2020,11,5,205
24/09/2020,6,1,186
25/09/2020,10,1,93
25/09/2020,10,5,223
25/09/2020,10,7,184
25/09/2020,10,6,110
25/09/2020,10,8,164
26/09/2020,5,1,159
26/09/2020,5,7,216
26/09/2020,5,3,157
26/09/2020,5,4,82
26/09/2020,5,6,158
26/09/2020,5,8,143
26/09/2020,5,2,54
26/09/2020,5,5,68
27/09/2020,6,1,212
27/09/2020,6,3,81
28/09/2020,5,1,90
28/09/2020,5,7,206
28/09/2020,5,4,111
28/09/2020,5,2,233
28/09/2020,8,1,53
28/09/2020,8,2,249
29/09/2020,11,2,236
29/09/2020,11,4,101
30/09/2020,7,1,171
30/09/2020,7,3,75
30/09/2020,7,6,220
30/09/2020,11,1,236
30/09/2020,11,6,78
30/09/2020,11,7,131
1/10/2020,9,1,176
1/10/2020,9,2,96
1/10/2020,9,3,245
1/10/2020,9,5,206
1/10/2020,9,8,144
1/10/2020,9,6,163
2/10/2020,12,2,206
3/10/2020,6,1,158
3/10/2020,6,2,203
3/10/2020,6,4,51
3/10/2020,6,7,127
3/10/2020,12,1,105
3/10/2020,12,4,168
3/10/2020,12,8,130
4/10/2020,4,1,77
4/10/2020,4,8,96
4/10/2020,5,1,147
4/10/2020,5,7,191
4/10/2020,5,6,90
4/10/2020,5,2,80
5/10/2020,7,1,223
5/10/2020,7,4,210
5/10/2020,7,3,55
5/10/2020,7,7,214
6/10/2020,3,1,55
6/10/2020,3,8,177
6/10/2020,4,1,199
6/10/2020,6,1,209
6/10/2020,6,4,148
7/10/2020,4,1,181
7/10/2020,4,2,155
7/10/2020,4,7,110
7/10/2020,4,8,246
7/10/2020,4,5,141
7/10/2020,5,1,144
7/10/2020,5,6,187
8/10/2020,3,1,106
8/10/2020,3,6,204
8/10/2020,11,1,204
8/10/2020,11,7,97
8/10/2020,11,4,127
9/10/2020,10,2,77
10/10/2020,3,1,139
10/10/2020,3,3,59
10/10/2020,3,7,114
10/10/2020,3,6,130
10/10/2020,3,8,169
10/10/2020,3,4,224
11/10/2020,3,1,101
12/10/2020,6,1,159
12/10/2020,6,5,98
12/10/2020,6,3,112
12/10/2020,6,4,140
12/10/2020,6,2,132
12/10/2020,6,6,202
13/10/2020,3,1,118
13/10/2020,3,5,182
13/10/2020,3,8,157
13/10/2020,9,1,246
13/10/2020,9,5,101
13/10/2020,9,2,241
14/10/2020,2,1,184
14/10/2020,2,8,134
14/10/2020,2,6,233
14/10/2020,2,4,198
14/10/2020,2,3,123
14/10/2020,2,7,100
14/10/2020,2,2,245
14/10/2020,2,5,162
15/10/2020,1,1,211
15/10/2020,1,6,149
15/10/2020,1,8,61
15/10/2020,1,5,223
15/10/2020,1,4,133
15/10/2020,1,2,148
15/10/2020,1,3,145
15/10/2020,4,1,243
16/10/2020,4,1,211
16/10/2020,4,3,107
17/10/2020,2,1,103
17/10/2020,2,5,117
18/10/2020,2,1,171
18/10/2020,2,2,94
18/10/2020,2,7,68
18/10/2020,10,1,211
18/10/2020,10,5,87
18/10/2020,10,4,75
18/10/2020,10,8,151
19/10/2020,11,1,180
19/10/2020,11,8,197
19/10/2020,11,6,131
19/10/2020,11,7,62
19/10/2020,11,3,67
19/10/2020,11,4,158
19/10/2020,11,5,193
20/10/2020,6,1,173
21/10/2020,4,1,99
21/10/2020,4,3,102
21/10/2020,11,1,230
21/10/2020,11,4,155
21/10/2020,11,6,112
21/10/2020,12,1,186
22/10/2020,10,2,203
22/10/2020,10,6,163
23/10/2020,2,1,207
23/10/2020,2,6,107
23/10/2020,2,3,244
23/10/2020,2,5,210
23/10/2020,2,2,188
24/10/2020,8,1,76
24/10/2020,8,2,234
24/10/2020,8,8,136
24/10/2020,8,4,63
25/10/2020,5,1,136
25/10/2020,5,3,78
25/10/2020,5,8,121
26/10/2020,5,1,183
27/10/2020,2,1,199
27/10/2020,2,5,169
27/10/2020,7,1,112
27/10/2020,7,6,172
28/10/2020,2,1,61
28/10/2020,3,1,86
28/10/2020,9,1,200
28/10/2020,9,8,137
29/10/2020,9,2,208
29/10/2020,9,7,84
30/10/2020,6,1,171
30/10/2020,6,2,130
30/10/2020,6,8,166
30/10/2020,6,4,249
30/10/2020,11,1,110
30/10/2020,11,8,119
30/10/2020,11,3,91
31/10/2020,5,1,147
31/10/2020,5,7,119
31/10/2020,11,1,135
31/10/2020,11,3,190
1/11/2020,1,1,232
1/11/2020,1,5,203
1/11/2020,1,3,111
1/11/2020,1,4,81
1/11/2020,1,6,103
1/11/2020,1,8,171
1/11/2020,8,1,131
1/11/2020,8,7,221
2/11/2020,1,1,249
2/11/2020,7,1,99
2/11/2020,7,8,218
2/11/2020,7,7,246
2/11/2020,7,4,66
2/11/2020,8,1,92
3/11/2020,8,1,131
3/11/2020,8,7,139
3/11/2020,10,1,194
3/11/2020,10,5,128
4/11/2020,12,2,209
4/11/2020,12,6,162
4/11/2020,12,7,197
5/11/2020,12,1,62
5/11/2020,12,7,88
5/11/2020,12,8,151
5/11/2020,12,6,241
5/11/2020,12,2,214
6/11/2020,6,1,68
6/11/2020,6,8,243
6/11/2020,6,6,116
6/11/2020,6,2,162
6/11/2020,6,3,90
6/11/2020,6,5,224
6/11/2020,6,4,64
6/11/2020,6,7,151
7/11/2020,7,1,245
7/11/2020,7,7,160
7/11/2020,7,2,139
7/11/2020,8,1,210
7/11/2020,8,6,61
8/11/2020,3,1,94
8/11/2020,3,2,118
8/11/2020,3,4,237
8/11/2020,6,1,209
8/11/2020,6,6,210
8/11/2020,10,1,170
8/11/2020,10,6,213
9/11/2020,4,1,208
9/11/2020,4,8,77
9/11/2020,4,6,67
9/11/2020,4,4,250
9/11/2020,8,1,153
9/11/2020,8,4,81
9/11/2020,8,6,238
9/11/2020,8,5,227
10/11/2020,12,2,201
10/11/2020,12,8,179
10/11/2020,12,5,125
11/11/2020,9,1,194
11/11/2020,9,4,89
11/11/2020,9,6,54
11/11/2020,9,2,53
12/11/2020,2,1,183
12/11/2020,2,6,144
12/11/2020,2,4,248
12/11/2020,3,1,201
12/11/2020,3,6,89
12/11/2020,3,8,161
12/11/2020,3,5,80
13/11/2020,2,1,225
13/11/2020,2,2,166
13/11/2020,4,1,205
13/11/2020,4,5,115
13/11/2020,4,3,71
13/11/2020,11,1,163
13/11/2020,11,4,166
13/11/2020,11,8,184
14/11/2020,10,2,197
14/11/2020,10,7,62
14/11/2020,10,3,168
15/11/2020,4,1,133
15/11/2020,9,1,57
15/11/2020,9,2,63
15/11/2020,9,3,239
15/11/2020,9,5,143
15/11/2020,10,1,185
15/11/2020,10,3,155
16/11/2020,5,1,183
16/11/2020,5,2,183
16/11/2020,5,5,215
16/11/2020,5,3,193
17/11/2020,6,1,131
17/11/2020,6,8,102
17/11/2020,6,6,228
18/11/2020,2,1,202
18/11/2020,2,5,159
18/11/2020,2,3,203
19/11/2020,7,1,86
19/11/2020,7,8,124
19/11/2020,7,3,166
19/11/2020,7,5,109
19/11/2020,7,6,66
19/11/2020,7,7,152
20/11/2020,12,2,243
20/11/2020,12,6,113
21/11/2020,4,1,130
21/11/2020,4,2,230
21/11/2020,5,1,68
21/11/2020,5,3,205
21/11/2020,6,1,134
22/11/2020,5,1,115
22/11/2020,5,8,207
22/11/2020,5,4,158
22/11/2020,12,1,153
22/11/2020,12,8,250
22/11/2020,12,7,50
23/11/2020,6,1,176
23/11/2020,6,2,151
23/11/2020,6,5,50
23/11/2020,8,1,135
23/11/2020,8,4,188
23/11/2020,8,5,173
24/11/2020,2,1,200
24/11/2020,2,2,174
24/11/2020,2,3,201
24/11/2020,2,4,188
24/11/2020,11,1,57
24/11/2020,11,4,180
25/11/2020,1,1,160
25/11/2020,1,2,188
25/11/2020,1,5,108
25/11/2020,1,3,176
25/11/2020,1,7,63
25/11/2020,1,8,196
26/11/2020,7,1,194
26/11/2020,7,5,169
27/11/2020,4,1,176
27/11/2020,4,6,75
27/11/2020,6,1,129
27/11/2020,6,8,201
27/11/2020,8,1,163
27/11/2020,8,3,211
27/11/2020,8,2,199
27/11/2020,8,7,153
28/11/2020,7,1,163
28/11/2020,7,5,90
28/11/2020,7,2,180
28/11/2020,9,1,193
29/11/2020,8,1,108
29/11/2020,8,5,233
29/11/2020,8,7,79
29/11/2020,8,2,211
29/11/2020,8,8,91
29/11/2020,8,6,156
29/11/2020,8,4,232
29/11/2020,8,3,185
30/11/2020,11,2,167
30/11/2020,11,3,196
30/11/2020,11,7,175
1/12/2020,9,1,212
1/12/2020,9,7,227
1/12/2020,12,1,225
1/12/2020,12,7,105
2/12/2020,8,1,246
3/12/2020,6,1,237
3/12/2020,6,3,102
3/12/2020,6,8,69
3/12/2020,6,7,226
3/12/2020,6,5,177
3/12/2020,6,2,114
3/12/2020,6,4,80
3/12/2020,6,6,102
4/12/2020,4,1,97
5/12/2020,11,2,245
5/12/2020,11,4,214
6/12/2020,5,1,86
6/12/2020,5,5,207
6/12/2020,10,1,205
6/12/2020,10,7,67
6/12/2020,10,8,90
6/12/2020,12,1,191
6/12/2020,12,5,216
7/12/2020,4,1,88
7/12/2020,4,7,176
7/12/2020,4,5,68
7/12/2020,4,4,145
7/12/2020,4,3,203
7/12/2020,4,6,73
7/12/2020,4,8,63
8/12/2020,6,1,176
8/12/2020,6,5,75
9/12/2020,6,1,128
9/12/2020,10,1,129
9/12/2020,10,2,185
9/12/2020,10,3,247
9/12/2020,10,8,139
10/12/2020,1,1,227
10/12/2020,1,6,83
11/12/2020,1,1,120
11/12/2020,1,5,214
11/12/2020,1,3,86
11/12/2020,1,6,76
11/12/2020,1,2,210
11/12/2020,1,8,216
12/12/2020,3,1,200
12/12/2020,3,5,230
12/12/2020,3,4,98
12/12/2020,11,1,242
12/12/2020,12,1,146
13/12/2020,8,1,78
13/12/2020,8,2,149
13/12/2020,8,5,206
13/12/2020,8,7,196
14/12/2020,2,1,133
14/12/2020,2,6,179
14/12/2020,2,4,77
15/12/2020,3,1,185
15/12/2020,3,5,237
15/12/2020,3,8,136
15/12/2020,12,1,147
15/12/2020,12,5,106
15/12/2020,12,7,138
16/12/2020,8,1,160
16/12/2020,8,5,144
17/12/2020,11,2,205
17/12/2020,11,5,178
17/12/2020,11,8,230
18/12/2020,12,1,230
18/12/2020,12,3,122
18/12/2020,12,6,218
18/12/2020,12,8,86
18/12/2020,12,2,171
18/12/2020,12,7,221
18/12/2020,12,5,232
18/12/2020,12,4,119
19/12/2020,8,1,190
19/12/2020,8,8,200
19/12/2020,8,3,201
19/12/2020,8,2,80
19/12/2020,8,7,227
19/12/2020,8,5,222
19/12/2020,8,6,108
19/12/2020,8,4,93
20/12/2020,5,1,195
20/12/2020,5,8,240
20/12/2020,5,3,211
20/12/2020,7,1,50
20/12/2020,7,3,238
20/12/2020,10,1,102
20/12/2020,10,3,225
20/12/2020,10,6,80
21/12/2020,8,1,181
21/12/2020,8,3,115
21/12/2020,8,2,175
21/12/2020,10,1,77
21/12/2020,10,4,192
21/12/2020,10,6,124
22/12/2020,4,1,212
22/12/2020,4,5,242
22/12/2020,4,4,239
22/12/2020,4,7,127
22/12/2020,4,8,230
22/12/2020,4,2,106
22/12/2020,4,6,178
23/12/2020,10,1,227
23/12/2020,10,5,138
23/12/2020,10,4,187
23/12/2020,10,2,167
23/12/2020,10,8,157
23/12/2020,10,3,242
24/12/2020,1,1,71
24/12/2020,7,1,147
24/12/2020,7,6,123
24/12/2020,7,3,111
24/12/2020,9,1,55
24/12/2020,9,4,246
25/12/2020,10,1,115
25/12/2020,10,4,122
25/12/2020,10,2,107
25/12/2020,10,7,54
25/12/2020,10,8,89
25/12/2020,10,3,136
25/12/2020,10,5,137
25/12/2020,10,6,235
26/12/2020,1,1,77
26/12/2020,1,2,132
26/12/2020,1,6,124
26/12/2020,1,4,231
26/12/2020,8,1,159
27/12/2020,5,1,111
27/12/2020,5,8,247
27/12/2020,5,5,120
27/12/2020,5,3,54
27/12/2020,5,4,250
27/12/2020,5,7,155
27/12/2020,5,2,179
28/12/2020,6,1,154
28/12/2020,6,4,72
28/12/2020,6,5,91
29/12/2020,2,1,67
29/12/2020,2,6,180
29/12/2020,2,2,96
29/12/2020,2,3,218
30/12/2020,4,1,132
30/12/2020,4,7,103
30/12/2020,4,6,232
30/12/2020,4,2,208
30/12/2020,4,8,225
30/12/2020,4,3,115
30/12/2020,4,4,208
31/12/2020,4,1,242
